time_sec,phase,j1_base_yaw_deg,j2_shoulder_pitch_deg,j3_elbow_pitch_deg,j4_forearm_roll_deg,j5_wrist_pitch_deg,j6_wrist_yaw_deg,gripper_open_mm
0.00,Ready,0.00,17.19,34.38,0.00,-51.57,0.00,35.00
0.05,Ready,0.00,17.19,34.38,0.00,-51.57,0.00,35.00
0.10,Ready,0.00,17.19,34.38,0.00,-51.57,0.00,35.00
0.15,Ready,0.00,17.19,34.38,0.00,-51.57,0.00,35.00
0.20,Ready,0.00,17.19,34.38,0.00,-51.57,0.00,35.00
0.25,Ready,0.00,17.19,34.38,0.00,-51.57,0.00,35.00
0.30,Ready,0.00,17.19,34.38,0.00,-51.57,0.00,35.00
0.35,Ready,0.00,17.19,34.38,0.00,-51.57,0.00,35.00
0.40,Ready,0.00,17.19,34.38,0.00,-51.57,0.00,35.00
0.45,Ready,0.00,17.19,34.38,0.00,-51.57,0.00,35.00
0.50,Ready,0.00,17.19,34.38,0.00,-51.57,0.00,35.00
0.55,Ready,0.00,17.19,34.38,0.00,-51.57,0.00,35.00
0.60,Ready,0.00,17.19,34.38,0.00,-51.57,0.00,35.00
0.65,Ready,0.00,17.19,34.38,0.00,-51.57,0.00,35.00
0.70,Ready,0.00,17.19,34.38,0.00,-51.57,0.00,35.00
0.75,Approach,0.00,17.19,34.38,0.00,-51.57,0.00,35.00
0.80,Approach,0.00,17.42,34.67,0.00,-52.17,0.13,35.00
0.85,Approach,0.00,18.12,35.53,0.00,-53.99,0.54,35.00
0.90,Approach,0.00,19.27,36.95,0.00,-56.98,1.20,35.00
0.95,Approach,0.00,20.85,38.90,0.00,-61.09,2.11,35.00
1.00,Approach,0.00,22.84,41.35,0.00,-66.26,3.26,35.00
1.05,Approach,0.00,25.19,44.26,0.00,-72.39,4.61,35.00
1.10,Approach,0.00,27.88,47.58,0.00,-79.38,6.16,35.00
1.15,Approach,0.00,30.85,51.25,0.00,-87.11,7.88,35.00
1.20,Approach,0.00,34.06,55.20,0.00,-95.45,9.73,35.00
1.25,Approach,0.00,37.44,59.38,0.00,-104.25,11.68,35.00
1.30,Approach,0.00,40.95,63.71,0.00,-113.37,13.70,35.00
1.35,Approach,0.00,44.51,68.11,0.00,-122.65,15.76,35.00
1.40,Approach,0.00,48.08,72.52,0.00,-131.93,17.81,35.00
1.45,Approach,0.00,51.58,76.84,0.00,-141.05,19.83,35.00
1.50,Approach,0.00,54.97,81.02,0.00,-149.86,21.79,35.00
1.55,Approach,0.00,58.17,84.98,0.00,-158.20,23.63,35.00
1.60,Approach,0.00,61.15,88.65,0.00,-165.93,25.35,35.00
1.65,Approach,0.00,63.83,91.97,0.00,-172.92,26.90,35.00
1.70,Approach,0.00,66.19,94.88,0.00,-179.05,28.26,35.00
1.75,Approach,0.00,68.18,97.33,0.00,-184.21,29.40,35.00
1.80,Approach,0.00,69.76,99.28,0.00,-188.33,30.31,35.00
1.85,Approach,0.00,70.90,100.70,0.00,-191.32,30.98,35.00
1.90,Approach,0.00,71.60,101.56,0.00,-193.13,31.38,35.00
1.95,Approach,0.00,71.84,101.85,0.00,-193.74,31.51,35.00
2.00,Reach,0.00,71.84,101.85,0.00,-193.74,31.51,35.00
2.05,Reach,0.00,71.70,101.92,0.00,-193.67,31.51,35.00
2.10,Reach,0.00,71.30,102.12,0.00,-193.47,31.51,35.00
2.15,Reach,0.00,70.64,102.46,0.00,-193.15,31.51,35.00
2.20,Reach,0.00,69.74,102.91,0.00,-192.71,31.51,35.00
2.25,Reach,0.00,68.63,103.47,0.00,-192.16,31.51,35.00
2.30,Reach,0.00,67.34,104.13,0.00,-191.52,31.51,35.00
2.35,Reach,0.00,65.90,104.86,0.00,-190.81,31.51,35.00
2.40,Reach,0.00,64.35,105.65,0.00,-190.05,31.51,35.00
2.45,Reach,0.00,62.73,106.47,0.00,-189.25,31.51,35.00
2.50,Reach,0.00,61.09,107.30,0.00,-188.45,31.51,35.00
2.55,Reach,0.00,59.48,108.12,0.00,-187.65,31.51,35.00
2.60,Reach,0.00,57.93,108.91,0.00,-186.89,31.51,35.00
2.65,Reach,0.00,56.48,109.64,0.00,-186.18,31.51,35.00
2.70,Reach,0.00,55.19,110.30,0.00,-185.54,31.51,35.00
2.75,Reach,0.00,54.08,110.86,0.00,-184.99,31.51,35.00
2.80,Reach,0.00,53.18,111.31,0.00,-184.55,31.51,35.00
2.85,Reach,0.00,52.53,111.65,0.00,-184.23,31.51,35.00
2.90,Reach,0.00,52.12,111.85,0.00,-184.03,31.51,35.00
2.95,Reach,0.00,51.99,111.92,0.00,-183.96,31.51,35.00
3.00,Grip,0.00,51.99,111.92,0.00,-183.96,31.51,35.00
3.05,Grip,0.00,51.99,111.92,0.00,-183.96,31.51,32.86
3.10,Grip,0.00,51.99,111.92,0.00,-183.96,31.51,30.71
3.15,Grip,0.00,51.99,111.92,0.00,-183.96,31.51,28.57
3.20,Grip,0.00,51.99,111.92,0.00,-183.96,31.51,26.43
3.25,Grip,0.00,51.99,111.92,0.00,-183.96,31.51,24.29
3.30,Grip,0.00,51.99,111.92,0.00,-183.96,31.51,22.14
3.35,Grip,0.00,51.99,111.92,0.00,-183.96,31.51,20.00
3.40,Grip,0.00,51.99,111.92,0.00,-183.96,31.51,17.86
3.45,Grip,0.00,51.99,111.92,0.00,-183.96,31.51,15.71
3.50,Grip,0.00,51.99,111.92,0.00,-183.96,31.51,13.57
3.55,Grip,0.00,51.99,111.92,0.00,-183.96,31.51,11.43
3.60,Grip,0.00,51.99,111.92,0.00,-183.96,31.51,9.29
3.65,Grip,0.00,51.99,111.92,0.00,-183.96,31.51,7.14
3.70,Grip,0.00,51.99,111.92,0.00,-183.96,31.51,5.00
3.75,Lift,0.00,51.99,111.92,0.00,-183.96,31.51,5.00
3.80,Lift,0.00,52.06,111.88,0.00,-183.98,31.51,5.00
3.85,Lift,0.00,52.26,111.74,0.00,-184.05,31.51,5.00
3.90,Lift,0.00,52.59,111.51,0.00,-184.16,31.51,5.00
3.95,Lift,0.00,53.06,111.20,0.00,-184.31,31.51,5.00
4.00,Lift,0.00,53.65,110.80,0.00,-184.50,31.51,5.00
4.05,Lift,0.00,54.35,110.33,0.00,-184.73,31.51,5.00
4.10,Lift,0.00,55.16,109.78,0.00,-185.00,31.51,5.00
4.15,Lift,0.00,56.08,109.16,0.00,-185.29,31.51,5.00
4.20,Lift,0.00,57.07,108.49,0.00,-185.62,31.51,5.00
4.25,Lift,0.00,58.15,107.76,0.00,-185.97,31.51,5.00
4.30,Lift,0.00,59.29,106.99,0.00,-186.34,31.51,5.00
4.35,Lift,0.00,60.48,106.19,0.00,-186.72,31.51,5.00
4.40,Lift,0.00,61.70,105.36,0.00,-187.12,31.51,5.00
4.45,Lift,0.00,62.95,104.52,0.00,-187.53,31.51,5.00
4.50,Lift,0.00,64.21,103.68,0.00,-187.94,31.51,5.00
4.55,Lift,0.00,65.46,102.83,0.00,-188.34,31.51,5.00
4.60,Lift,0.00,66.68,102.01,0.00,-188.74,31.51,5.00
4.65,Lift,0.00,67.87,101.20,0.00,-189.13,31.51,5.00
4.70,Lift,0.00,69.01,100.44,0.00,-189.50,31.51,5.00
4.75,Lift,0.00,70.09,99.71,0.00,-189.85,31.51,5.00
4.80,Lift,0.00,71.09,99.04,0.00,-190.17,31.51,5.00
4.85,Lift,0.00,72.00,98.42,0.00,-190.47,31.51,5.00
4.90,Lift,0.00,72.81,97.87,0.00,-190.74,31.51,5.00
4.95,Lift,0.00,73.51,97.40,0.00,-190.96,31.51,5.00
5.00,Lift,0.00,74.10,97.00,0.00,-191.16,31.51,5.00
5.05,Lift,0.00,74.57,96.69,0.00,-191.31,31.51,5.00
5.10,Lift,0.00,74.90,96.46,0.00,-191.42,31.51,5.00
5.15,Lift,0.00,75.11,96.32,0.00,-191.48,31.51,5.00
5.20,Lift,0.00,75.17,96.28,0.00,-191.50,31.51,5.00
